epoch,time,train/box_loss,train/seg_loss,train/cls_loss,train/dfl_loss,train/sem_loss,metrics/precision(B),metrics/recall(B),metrics/mAP50(B),metrics/mAP50-95(B),metrics/precision(M),metrics/recall(M),metrics/mAP50(M),metrics/mAP50-95(M),val/box_loss,val/seg_loss,val/cls_loss,val/dfl_loss,val/sem_loss,lr/pg0,lr/pg1,lr/pg2,lr/pg3,lr/pg4,lr/pg5,lr/pg6,lr/pg7
1,1479.69,0.69161,1.35041,0.77715,1.16655,0,0.93049,0.90737,0.95626,0.79106,0.93037,0.9017,0.946,0.81902,0.61362,1.07685,0.48668,1.10023,0,0.00998708,0.00332903,0.00998708,0.00332903,0.00998708,0.00332903,0.00998708,0.00332903
2,3362.83,0.73322,1.29101,0.65218,1.16507,0,0.87794,0.87878,0.9203,0.74471,0.87397,0.85863,0.88873,0.69522,0.66719,1.58891,0.66441,1.16591,0,0.0199211,0.00664037,0.0199211,0.00664037,0.0199211,0.00664037,0.0199211,0.00664037
3,4856.03,0.80827,1.42523,0.72578,1.21227,0,0.87805,0.87942,0.92792,0.73452,0.88346,0.87176,0.91732,0.74638,0.72815,1.28857,0.62276,1.20291,0,0.0297892,0.00992972,0.0297892,0.00992972,0.0297892,0.00992972,0.0297892,0.00992972
4,6460.58,0.85652,1.5253,0.77161,1.24689,0,0.89594,0.8649,0.93212,0.74929,0.89775,0.85832,0.922,0.7688,0.66942,1.23952,0.62291,1.15768,0,0.029703,0.009901,0.029703,0.009901,0.029703,0.009901,0.029703,0.009901
5,8694.88,0.81596,1.46101,0.73182,1.2233,0,0.92204,0.874,0.93604,0.76113,0.92479,0.85977,0.91653,0.75818,0.65613,1.23535,0.59443,1.12877,0,0.029604,0.009868,0.029604,0.009868,0.029604,0.009868,0.029604,0.009868
6,10237.3,0.79151,1.41124,0.69987,1.20249,0,0.92068,0.8916,0.94532,0.79161,0.9198,0.88595,0.9353,0.79151,0.59759,1.09495,0.52734,1.09349,0,0.029505,0.009835,0.029505,0.009835,0.029505,0.009835,0.029505,0.009835
7,12118.3,0.76309,1.32782,0.66645,1.18167,0,0.92851,0.89627,0.95109,0.80824,0.92445,0.90042,0.94499,0.81953,0.5825,1.01375,0.48222,1.06729,0,0.029406,0.009802,0.029406,0.009802,0.029406,0.009802,0.029406,0.009802
8,14259.3,0.73746,1.33402,0.63405,1.17097,0,0.91732,0.90412,0.94798,0.80841,0.92055,0.90221,0.94262,0.81017,0.57053,1.0194,0.49404,1.07209,0,0.029307,0.009769,0.029307,0.009769,0.029307,0.009769,0.029307,0.009769
9,15781.2,0.72235,1.3129,0.61237,1.15717,0,0.93828,0.90517,0.95748,0.81827,0.93611,0.90378,0.9508,0.83529,0.56167,0.96696,0.42845,1.04836,0,0.029208,0.009736,0.029208,0.009736,0.029208,0.009736,0.029208,0.009736
10,18013,0.70922,1.25961,0.60496,1.15157,0,0.94197,0.91084,0.95442,0.82558,0.94274,0.90993,0.94861,0.83895,0.53587,0.92594,0.45202,1.05086,0,0.029109,0.009703,0.029109,0.009703,0.029109,0.009703,0.029109,0.009703
11,19456.6,0.69275,1.26165,0.5914,1.14411,0,0.94712,0.92153,0.96219,0.84507,0.94099,0.91542,0.94994,0.85114,0.49977,0.96125,0.38601,1.01147,0,0.02901,0.00967,0.02901,0.00967,0.02901,0.00967,0.02901,0.00967
12,22018.1,0.68372,1.24728,0.58318,1.13166,0,0.93755,0.91688,0.95623,0.83536,0.93291,0.90864,0.9434,0.83552,0.50431,0.98419,0.4604,1.02198,0,0.028911,0.009637,0.028911,0.009637,0.028911,0.009637,0.028911,0.009637
13,23831.8,0.6749,1.19518,0.56919,1.12145,0,0.93988,0.92122,0.96075,0.84603,0.94073,0.92075,0.95433,0.8499,0.49036,0.9351,0.38006,0.99483,0,0.028812,0.009604,0.028812,0.009604,0.028812,0.009604,0.028812,0.009604
14,25338.2,0.66688,1.18233,0.55536,1.12027,0,0.94741,0.92427,0.95763,0.84895,0.94765,0.92304,0.95432,0.85672,0.48357,0.92518,0.39096,0.99074,0,0.028713,0.009571,0.028713,0.009571,0.028713,0.009571,0.028713,0.009571
15,27269.4,0.65842,1.15682,0.54548,1.11607,0,0.94451,0.91994,0.95842,0.84663,0.9438,0.91783,0.95556,0.85417,0.49351,0.90876,0.40868,0.99702,0,0.028614,0.009538,0.028614,0.009538,0.028614,0.009538,0.028614,0.009538
16,28986.3,0.65436,1.19117,0.5437,1.11853,0,0.94523,0.93527,0.96524,0.8615,0.94258,0.93252,0.95828,0.86884,0.46625,0.90814,0.34284,0.98362,0,0.028515,0.009505,0.028515,0.009505,0.028515,0.009505,0.028515,0.009505
17,30260.6,0.64312,1.15305,0.53806,1.10676,0,0.93868,0.93496,0.96381,0.85582,0.93806,0.93435,0.96074,0.86453,0.47042,0.89006,0.36846,0.98094,0,0.028416,0.009472,0.028416,0.009472,0.028416,0.009472,0.028416,0.009472
18,31393,0.64504,1.13294,0.52979,1.10611,0,0.95241,0.92153,0.96433,0.85626,0.95193,0.92092,0.9597,0.86626,0.46384,0.86711,0.3446,0.97611,0,0.028317,0.009439,0.028317,0.009439,0.028317,0.009439,0.028317,0.009439
19,32752.7,0.63754,1.1384,0.52027,1.10046,0,0.95406,0.93219,0.96674,0.86875,0.95214,0.9316,0.96318,0.87896,0.45258,0.84108,0.32789,0.96947,0,0.028218,0.009406,0.028218,0.009406,0.028218,0.009406,0.028218,0.009406
20,34076.6,0.6263,1.14383,0.52754,1.0957,0,0.94566,0.92983,0.9628,0.86472,0.9441,0.9283,0.95563,0.87051,0.45422,0.86763,0.34589,0.96707,0,0.028119,0.009373,0.028119,0.009373,0.028119,0.009373,0.028119,0.009373
21,35269.2,0.61938,1.10723,0.51362,1.09019,0,0.9499,0.93008,0.9673,0.87405,0.95055,0.92736,0.96277,0.8799,0.44644,0.82442,0.33931,0.96471,0,0.02802,0.00934,0.02802,0.00934,0.02802,0.00934,0.02802,0.00934
22,36706.6,0.6311,1.11302,0.52233,1.10244,0,0.95418,0.93462,0.96856,0.87264,0.95396,0.93344,0.96559,0.88299,0.45409,0.8313,0.32534,0.96953,0,0.027921,0.009307,0.027921,0.009307,0.027921,0.009307,0.027921,0.009307
23,37629.8,0.61207,1.13078,0.50136,1.09143,0,0.95375,0.93496,0.95657,0.86039,0.95253,0.93221,0.95488,0.86924,0.4488,0.80668,0.40246,0.96279,0,0.027822,0.009274,0.027822,0.009274,0.027822,0.009274,0.027822,0.009274
24,39071.1,0.61616,1.11222,0.50447,1.08878,0,0.95327,0.93038,0.96539,0.86735,0.95352,0.92705,0.95929,0.87504,0.44716,0.81675,0.33973,0.96069,0,0.027723,0.009241,0.027723,0.009241,0.027723,0.009241,0.027723,0.009241
25,40539.9,0.61244,1.06756,0.50563,1.08824,0,0.95788,0.93043,0.96821,0.87886,0.95942,0.92824,0.96324,0.88251,0.42896,0.79875,0.31359,0.94036,0,0.027624,0.009208,0.027624,0.009208,0.027624,0.009208,0.027624,0.009208
26,42155.4,0.61488,1.10294,0.50112,1.08614,0,0.94461,0.93374,0.96523,0.87002,0.94107,0.93126,0.96193,0.87246,0.44735,0.83859,0.3266,0.96307,0,0.027525,0.009175,0.027525,0.009175,0.027525,0.009175,0.027525,0.009175
27,43445.9,0.59936,1.08881,0.49088,1.07561,0,0.96321,0.92729,0.96749,0.8757,0.96257,0.92668,0.96422,0.88086,0.44165,0.81799,0.31948,0.94928,0,0.027426,0.009142,0.027426,0.009142,0.027426,0.009142,0.027426,0.009142
28,44633.5,0.59454,1.04535,0.48144,1.07804,0,0.95465,0.92561,0.96651,0.87748,0.95434,0.92427,0.96193,0.88181,0.44057,0.84067,0.31259,0.95509,0,0.027327,0.009109,0.027327,0.009109,0.027327,0.009109,0.027327,0.009109
29,45874.7,0.59711,1.05436,0.48711,1.07149,0,0.95811,0.93435,0.96926,0.87497,0.95883,0.93166,0.96472,0.88325,0.44029,0.76826,0.30422,0.95334,0,0.027228,0.009076,0.027228,0.009076,0.027228,0.009076,0.027228,0.009076
30,47240.4,0.5932,1.0383,0.48751,1.07054,0,0.95172,0.93907,0.97051,0.88637,0.95049,0.93801,0.96575,0.88947,0.42274,0.81204,0.29925,0.93977,0,0.027129,0.009043,0.027129,0.009043,0.027129,0.009043,0.027129,0.009043
31,48582,0.57833,1.01023,0.47699,1.06205,0,0.94635,0.93176,0.96787,0.88036,0.94765,0.93191,0.96676,0.8886,0.42334,0.78072,0.31794,0.94229,0,0.02703,0.00901,0.02703,0.00901,0.02703,0.00901,0.02703,0.00901
32,50086.9,0.58152,1.04369,0.47454,1.06313,0,0.93964,0.94595,0.96959,0.8799,0.9484,0.93863,0.96803,0.88715,0.43374,0.76984,0.31134,0.9434,0,0.026931,0.008977,0.026931,0.008977,0.026931,0.008977,0.026931,0.008977
33,51333.9,0.57832,1.01515,0.47294,1.06205,0,0.95345,0.9444,0.96967,0.88742,0.95127,0.94173,0.96347,0.88868,0.41984,0.84057,0.29615,0.93897,0,0.026832,0.008944,0.026832,0.008944,0.026832,0.008944,0.026832,0.008944
34,52695.7,0.57777,1.04127,0.48082,1.06189,0,0.95238,0.94076,0.97127,0.88009,0.95205,0.93975,0.96717,0.88479,0.42075,0.8198,0.29728,0.93983,0,0.026733,0.008911,0.026733,0.008911,0.026733,0.008911,0.026733,0.008911
35,53583.8,0.57424,1.00328,0.46357,1.06529,0,0.95386,0.94047,0.97012,0.88776,0.96339,0.93209,0.96792,0.89103,0.40832,0.77964,0.28615,0.92691,0,0.026634,0.008878,0.026634,0.008878,0.026634,0.008878,0.026634,0.008878
36,55103.7,0.57611,1.01627,0.46433,1.06453,0,0.95492,0.93778,0.96983,0.88866,0.9546,0.93727,0.96577,0.89371,0.41472,0.7798,0.29263,0.92568,0,0.026535,0.008845,0.026535,0.008845,0.026535,0.008845,0.026535,0.008845
37,56512.2,0.57606,1.0268,0.46229,1.06157,0,0.95847,0.93863,0.97044,0.88818,0.96349,0.93527,0.96759,0.89713,0.41233,0.73545,0.29039,0.93377,0,0.026436,0.008812,0.026436,0.008812,0.026436,0.008812,0.026436,0.008812
38,57756.6,0.5826,1.00478,0.47087,1.06507,0,0.94996,0.93907,0.97017,0.88121,0.9478,0.93693,0.96373,0.88804,0.42083,0.76391,0.2975,0.94283,0,0.026337,0.008779,0.026337,0.008779,0.026337,0.008779,0.026337,0.008779
39,59079.7,0.57553,0.99537,0.4626,1.06372,0,0.96113,0.93496,0.97264,0.89171,0.95987,0.93374,0.96879,0.89611,0.40968,0.75816,0.29338,0.93926,0,0.026238,0.008746,0.026238,0.008746,0.026238,0.008746,0.026238,0.008746
40,60513,0.57068,1.00906,0.45933,1.05601,0,0.95951,0.93344,0.97036,0.89104,0.95951,0.93344,0.96731,0.89303,0.40759,0.77153,0.28654,0.9325,0,0.026139,0.008713,0.026139,0.008713,0.026139,0.008713,0.026139,0.008713
41,62037.2,0.56715,0.98184,0.45164,1.05505,0,0.96481,0.9375,0.97016,0.89044,0.96553,0.9374,0.96778,0.89232,0.40251,0.75168,0.28277,0.92773,0,0.02604,0.00868,0.02604,0.00868,0.02604,0.00868,0.02604,0.00868
42,63307.2,0.56278,0.97264,0.4464,1.05423,0,0.95925,0.94153,0.96961,0.88621,0.95756,0.93924,0.96297,0.88995,0.40683,0.80388,0.28141,0.9253,0,0.025941,0.008647,0.025941,0.008647,0.025941,0.008647,0.025941,0.008647
43,64664.4,0.55952,0.98537,0.44858,1.0494,0,0.9721,0.93038,0.97041,0.89189,0.97146,0.92977,0.96799,0.89953,0.40914,0.74508,0.28693,0.92538,0,0.025842,0.008614,0.025842,0.008614,0.025842,0.008614,0.025842,0.008614
44,66090.4,0.56036,0.98311,0.44953,1.04954,0,0.96626,0.9356,0.9707,0.89273,0.96594,0.9353,0.96897,0.89889,0.41066,0.76102,0.28575,0.92582,0,0.025743,0.008581,0.025743,0.008581,0.025743,0.008581,0.025743,0.008581
45,67410.2,0.55625,0.94733,0.44076,1.04822,0,0.96077,0.93924,0.96915,0.88928,0.95959,0.94046,0.96516,0.89299,0.40743,0.75365,0.28543,0.92021,0,0.025644,0.008548,0.025644,0.008548,0.025644,0.008548,0.025644,0.008548
46,68440.3,0.5604,0.97842,0.44285,1.049,0,0.96394,0.94107,0.97045,0.89326,0.96274,0.93985,0.96693,0.89436,0.39705,0.7776,0.2757,0.91973,0,0.025545,0.008515,0.025545,0.008515,0.025545,0.008515,0.025545,0.008515
47,69646.4,0.55737,0.99086,0.44798,1.04564,0,0.95252,0.94343,0.97174,0.89433,0.95367,0.94168,0.97005,0.89899,0.40167,0.72679,0.27378,0.91987,0,0.025446,0.008482,0.025446,0.008482,0.025446,0.008482,0.025446,0.008482
48,71041.8,0.54949,0.96605,0.43718,1.04535,0,0.96192,0.94229,0.9702,0.89108,0.95974,0.93902,0.963,0.89275,0.40199,0.74794,0.2787,0.92648,0,0.025347,0.008449,0.025347,0.008449,0.025347,0.008449,0.025347,0.008449
49,72572.1,0.55101,0.94105,0.44555,1.04098,0,0.96726,0.93809,0.97144,0.89208,0.96361,0.93252,0.96141,0.8897,0.40771,0.77552,0.27139,0.92895,0,0.025248,0.008416,0.025248,0.008416,0.025248,0.008416,0.025248,0.008416
50,73768,0.5519,0.94492,0.44316,1.04224,0,0.96564,0.93802,0.969,0.89044,0.96479,0.93588,0.96431,0.89116,0.40319,0.74047,0.2773,0.92087,0,0.025149,0.008383,0.025149,0.008383,0.025149,0.008383,0.025149,0.008383
51,75023.5,0.54778,0.93532,0.43712,1.04438,0,0.95717,0.9426,0.97146,0.89832,0.95523,0.94076,0.96695,0.89584,0.39566,0.73308,0.26597,0.91866,0,0.02505,0.00835,0.02505,0.00835,0.02505,0.00835,0.02505,0.00835
52,76603.8,0.54,0.94447,0.43044,1.03852,0,0.96469,0.94046,0.97151,0.89714,0.96388,0.93832,0.96552,0.89184,0.3896,0.74159,0.26758,0.9064,0,0.024951,0.008317,0.024951,0.008317,0.024951,0.008317,0.024951,0.008317
53,77955.6,0.54793,0.96497,0.43665,1.04517,0,0.96424,0.93832,0.97166,0.89886,0.95986,0.9345,0.96333,0.89766,0.39486,0.74658,0.27426,0.91617,0,0.024852,0.008284,0.024852,0.008284,0.024852,0.008284,0.024852,0.008284
54,79183.3,0.54423,0.91682,0.43103,1.04393,0,0.96414,0.94423,0.96969,0.89633,0.96076,0.94015,0.96263,0.89148,0.39443,0.76193,0.26984,0.9141,0,0.024753,0.008251,0.024753,0.008251,0.024753,0.008251,0.024753,0.008251
55,80828.3,0.54021,0.93865,0.43124,1.04052,0,0.96277,0.93832,0.97155,0.90279,0.96367,0.93134,0.96317,0.89844,0.38192,0.72073,0.26379,0.90509,0,0.024654,0.008218,0.024654,0.008218,0.024654,0.008218,0.024654,0.008218
56,82550.1,0.54582,0.92371,0.43603,1.0423,0,0.96482,0.94615,0.97357,0.90394,0.96628,0.9362,0.96578,0.90143,0.38383,0.72569,0.25528,0.90485,0,0.024555,0.008185,0.024555,0.008185,0.024555,0.008185,0.024555,0.008185
57,85299.6,0.53996,0.87552,0.42095,1.03586,0,0.96418,0.9487,0.97179,0.90003,0.9606,0.94443,0.96434,0.89728,0.39053,0.76213,0.25783,0.91327,0,0.024456,0.008152,0.024456,0.008152,0.024456,0.008152,0.024456,0.008152
58,86936.4,0.53616,0.90824,0.42733,1.0375,0,0.95919,0.94734,0.97483,0.90815,0.9663,0.93677,0.97127,0.90652,0.38879,0.70422,0.26512,0.9125,0,0.024357,0.008119,0.024357,0.008119,0.024357,0.008119,0.024357,0.008119
59,88862.7,0.54636,0.90447,0.43611,1.04799,0,0.96866,0.94229,0.97315,0.90155,0.96584,0.93954,0.96607,0.90155,0.39232,0.7256,0.26079,0.91884,0,0.024258,0.008086,0.024258,0.008086,0.024258,0.008086,0.024258,0.008086
60,91302.6,0.53534,0.91347,0.42114,1.04029,0,0.96861,0.94219,0.97423,0.90449,0.96358,0.9372,0.96559,0.90347,0.38614,0.73063,0.2649,0.91518,0,0.024159,0.008053,0.024159,0.008053,0.024159,0.008053,0.024159,0.008053
61,93709.1,0.53143,0.88225,0.42209,1.03529,0,0.96854,0.94005,0.97189,0.89994,0.96307,0.93557,0.96038,0.89487,0.39276,0.7502,0.2662,0.91759,0,0.02406,0.00802,0.02406,0.00802,0.02406,0.00802,0.02406,0.00802
62,96022.7,0.53247,0.88038,0.42466,1.03219,0,0.96502,0.94443,0.97345,0.90503,0.96098,0.94002,0.96306,0.9008,0.38379,0.75944,0.2585,0.90881,0,0.023961,0.007987,0.023961,0.007987,0.023961,0.007987,0.023961,0.007987
63,97987,0.53773,0.86513,0.42031,1.03272,0,0.96098,0.94754,0.97477,0.90504,0.9585,0.94509,0.96787,0.90241,0.38,0.71453,0.2513,0.9095,0,0.023862,0.007954,0.023862,0.007954,0.023862,0.007954,0.023862,0.007954
64,100362,0.53361,0.86638,0.41886,1.03337,0,0.96627,0.94482,0.97356,0.90889,0.96249,0.94026,0.96508,0.9023,0.37659,0.73468,0.25124,0.90193,0,0.023763,0.007921,0.023763,0.007921,0.023763,0.007921,0.023763,0.007921
65,102179,0.52855,0.8883,0.41568,1.02852,0,0.96903,0.94412,0.97334,0.90833,0.96492,0.94015,0.9642,0.90019,0.37375,0.72371,0.24508,0.90084,0,0.023664,0.007888,0.023664,0.007888,0.023664,0.007888,0.023664,0.007888
66,104052,0.52672,0.8851,0.41417,1.03103,0,0.97259,0.94252,0.97224,0.90388,0.97099,0.94018,0.96508,0.9029,0.37197,0.70939,0.24236,0.89912,0,0.023565,0.007855,0.023565,0.007855,0.023565,0.007855,0.023565,0.007855
67,105662,0.52739,0.86879,0.41466,1.02849,0,0.96872,0.94549,0.97448,0.90853,0.96639,0.93924,0.96359,0.90234,0.37287,0.6973,0.24371,0.89988,0,0.023466,0.007822,0.023466,0.007822,0.023466,0.007822,0.023466,0.007822
68,107916,0.51541,0.871,0.40748,1.02144,0,0.97395,0.94321,0.97528,0.91143,0.96873,0.93658,0.96167,0.90163,0.37322,0.73844,0.24409,0.89564,0,0.023367,0.007789,0.023367,0.007789,0.023367,0.007789,0.023367,0.007789
69,110112,0.5216,0.86402,0.41399,1.02524,0,0.96933,0.93802,0.9757,0.91218,0.95505,0.93588,0.95854,0.89628,0.37202,0.73893,0.24322,0.8994,0,0.023268,0.007756,0.023268,0.007756,0.023268,0.007756,0.023268,0.007756
70,111928,0.51562,0.86476,0.41101,1.02032,0,0.96799,0.9417,0.97527,0.90986,0.96356,0.93924,0.96491,0.90233,0.37714,0.74433,0.24296,0.90581,0,0.023169,0.007723,0.023169,0.007723,0.023169,0.007723,0.023169,0.007723
71,113589,0.51726,0.87498,0.40964,1.02733,0,0.96673,0.94901,0.97595,0.91301,0.96109,0.94278,0.96415,0.90469,0.37323,0.71392,0.24752,0.90599,0,0.02307,0.00769,0.02307,0.00769,0.02307,0.00769,0.02307,0.00769
72,115161,0.52361,0.86151,0.40937,1.02633,0,0.96494,0.94963,0.97502,0.90933,0.9562,0.93985,0.95937,0.89692,0.381,0.72116,0.2535,0.90358,0,0.022971,0.007657,0.022971,0.007657,0.022971,0.007657,0.022971,0.007657
73,117005,0.53132,0.83125,0.41534,1.03237,0,0.96239,0.9484,0.97515,0.91162,0.95179,0.93802,0.95985,0.90116,0.3752,0.72419,0.24515,0.8994,0,0.022872,0.007624,0.022872,0.007624,0.022872,0.007624,0.022872,0.007624
74,118470,0.51534,0.82637,0.40946,1.02425,0,0.97601,0.93832,0.97532,0.91166,0.96489,0.92763,0.95721,0.89727,0.37264,0.74467,0.24673,0.89617,0,0.022773,0.007591,0.022773,0.007591,0.022773,0.007591,0.022773,0.007591
75,119962,0.52052,0.8712,0.4153,1.02071,0,0.97196,0.94187,0.97565,0.91253,0.96044,0.93408,0.96294,0.90393,0.37091,0.74784,0.24136,0.89252,0,0.022674,0.007558,0.022674,0.007558,0.022674,0.007558,0.022674,0.007558
76,121576,0.51838,0.8326,0.40001,1.02119,0,0.96629,0.94931,0.97551,0.9118,0.96211,0.93817,0.96307,0.90405,0.37278,0.73144,0.24327,0.89424,0,0.022575,0.007525,0.022575,0.007525,0.022575,0.007525,0.022575,0.007525
77,123109,0.50963,0.81054,0.39633,1.0149,0,0.96883,0.94893,0.97503,0.90945,0.96032,0.93893,0.95779,0.89628,0.37423,0.75175,0.24018,0.90147,0,0.022476,0.007492,0.022476,0.007492,0.022476,0.007492,0.022476,0.007492
78,124802,0.51346,0.84015,0.40623,1.01897,0,0.96902,0.94556,0.97547,0.91313,0.96213,0.93802,0.96207,0.90066,0.37355,0.71547,0.24602,0.90253,0,0.022377,0.007459,0.022377,0.007459,0.022377,0.007459,0.022377,0.007459
79,125915,0.51287,0.80395,0.40497,1.01647,0,0.97036,0.94951,0.97474,0.91259,0.96449,0.93717,0.9598,0.89976,0.36533,0.74772,0.23642,0.89364,0,0.022278,0.007426,0.022278,0.007426,0.022278,0.007426,0.022278,0.007426
80,127574,0.51354,0.84377,0.40022,1.02312,0,0.9713,0.95084,0.97491,0.91214,0.9639,0.93764,0.95772,0.89853,0.3649,0.74921,0.23191,0.89454,0,0.022179,0.007393,0.022179,0.007393,0.022179,0.007393,0.022179,0.007393
81,129087,0.51394,0.84397,0.39745,1.01712,0,0.97171,0.94626,0.97343,0.9108,0.96268,0.93726,0.95679,0.89679,0.36387,0.71985,0.23413,0.89156,0,0.02208,0.00736,0.02208,0.00736,0.02208,0.00736,0.02208,0.00736
82,130084,0.50902,0.82651,0.40766,1.01804,0,0.96246,0.95115,0.97328,0.90726,0.95607,0.94364,0.95786,0.89407,0.3607,0.71309,0.23649,0.89176,0,0.021981,0.007327,0.021981,0.007327,0.021981,0.007327,0.021981,0.007327
83,131550,0.51142,0.80521,0.40221,1.02039,0,0.97421,0.94321,0.97554,0.91294,0.96737,0.93649,0.96032,0.90188,0.36538,0.7116,0.23964,0.89396,0,0.021882,0.007294,0.021882,0.007294,0.021882,0.007294,0.021882,0.007294
84,133213,0.50068,0.80887,0.39159,1.01463,0,0.96913,0.94809,0.97499,0.91644,0.9607,0.93985,0.96351,0.90528,0.36213,0.72133,0.23499,0.89046,0,0.021783,0.007261,0.021783,0.007261,0.021783,0.007261,0.021783,0.007261
85,134483,0.50772,0.80997,0.39486,1.0175,0,0.96976,0.94978,0.97408,0.91496,0.96219,0.94028,0.95905,0.90052,0.36202,0.723,0.23558,0.8914,0,0.021684,0.007228,0.021684,0.007228,0.021684,0.007228,0.021684,0.007228
86,136386,0.50828,0.82723,0.39871,1.01836,0,0.96708,0.95087,0.97585,0.91525,0.96825,0.93435,0.95684,0.89877,0.36393,0.71722,0.23308,0.89514,0,0.021585,0.007195,0.021585,0.007195,0.021585,0.007195,0.021585,0.007195
87,137525,0.50887,0.80774,0.39059,1.01607,0,0.97368,0.94473,0.97564,0.91696,0.96598,0.93527,0.96038,0.90117,0.35875,0.71726,0.22979,0.8871,0,0.021486,0.007162,0.021486,0.007162,0.021486,0.007162,0.021486,0.007162
88,139352,0.49987,0.79079,0.39371,1.01748,0,0.97568,0.9426,0.9759,0.91691,0.96655,0.93374,0.95765,0.90087,0.36197,0.73416,0.22969,0.88862,0,0.021387,0.007129,0.021387,0.007129,0.021387,0.007129,0.021387,0.007129
89,141209,0.50448,0.78857,0.38689,1.01379,0,0.9753,0.94473,0.97658,0.91715,0.96537,0.93771,0.95823,0.9016,0.36322,0.74831,0.23007,0.88955,0,0.021288,0.007096,0.021288,0.007096,0.021288,0.007096,0.021288,0.007096
90,142459,0.49902,0.79062,0.39574,1.01013,0,0.97266,0.9487,0.97587,0.91689,0.96274,0.93771,0.95843,0.90073,0.37042,0.70776,0.23282,0.90271,0,0.021189,0.007063,0.021189,0.007063,0.021189,0.007063,0.021189,0.007063
91,143775,0.50195,0.81634,0.38798,1.0134,0,0.96415,0.95084,0.97564,0.91742,0.95532,0.93954,0.95817,0.90129,0.37325,0.70136,0.23924,0.90676,0,0.02109,0.00703,0.02109,0.00703,0.02109,0.00703,0.02109,0.00703
92,145184,0.50128,0.79171,0.39075,1.01149,0,0.96993,0.94552,0.97598,0.91609,0.96147,0.93727,0.96011,0.90195,0.36443,0.72499,0.23521,0.89487,0,0.020991,0.006997,0.020991,0.006997,0.020991,0.006997,0.020991,0.006997
93,146895,0.49543,0.7996,0.38773,1.00743,0,0.96563,0.95053,0.9759,0.9181,0.95585,0.94015,0.95765,0.89938,0.36126,0.7238,0.23185,0.89017,0,0.020892,0.006964,0.020892,0.006964,0.020892,0.006964,0.020892,0.006964
94,148174,0.50445,0.77923,0.39164,1.01205,0,0.96795,0.9487,0.97528,0.91818,0.9583,0.93924,0.95605,0.89842,0.36385,0.71224,0.23534,0.89358,0,0.020793,0.006931,0.020793,0.006931,0.020793,0.006931,0.020793,0.006931
95,149619,0.50023,0.78112,0.3886,1.00781,0,0.96621,0.95176,0.97519,0.91826,0.95629,0.94199,0.95768,0.90078,0.36248,0.72055,0.23271,0.89046,0,0.020694,0.006898,0.020694,0.006898,0.020694,0.006898,0.020694,0.006898
96,151356,0.50176,0.76118,0.38692,1.00905,0,0.9729,0.94266,0.97576,0.91847,0.95614,0.9385,0.95759,0.90252,0.36108,0.72414,0.23645,0.88861,0,0.020595,0.006865,0.020595,0.006865,0.020595,0.006865,0.020595,0.006865
97,153002,0.49464,0.77638,0.38546,1.00638,0,0.96751,0.94962,0.97694,0.92005,0.95563,0.93802,0.95459,0.89762,0.36164,0.76292,0.23644,0.89267,0,0.020496,0.006832,0.020496,0.006832,0.020496,0.006832,0.020496,0.006832
98,154423,0.49197,0.7732,0.38197,1.00714,0,0.9703,0.95084,0.97694,0.92037,0.95945,0.9393,0.95666,0.90156,0.35613,0.7779,0.22893,0.88764,0,0.020397,0.006799,0.020397,0.006799,0.020397,0.006799,0.020397,0.006799
99,155641,0.49373,0.78123,0.38014,1.00832,0,0.97219,0.94999,0.97725,0.92069,0.96123,0.93883,0.9587,0.90235,0.35623,0.75836,0.22936,0.88881,0,0.020298,0.006766,0.020298,0.006766,0.020298,0.006766,0.020298,0.006766
100,157003,0.49317,0.75354,0.38776,1.00888,0,0.9713,0.95058,0.97747,0.92104,0.95941,0.93893,0.95821,0.90244,0.3594,0.75142,0.23135,0.89383,0,0.020199,0.006733,0.020199,0.006733,0.020199,0.006733,0.020199,0.006733
101,158607,0.49212,0.75559,0.38252,1.00545,0,0.97067,0.94995,0.97754,0.92101,0.9627,0.9377,0.95907,0.90392,0.36063,0.74549,0.23002,0.89454,0,0.0201,0.0067,0.0201,0.0067,0.0201,0.0067,0.0201,0.0067
102,160252,0.49602,0.76863,0.38475,1.00613,0,0.97907,0.94267,0.97786,0.92207,0.9694,0.9316,0.95799,0.90348,0.36093,0.74763,0.23083,0.8984,0,0.020001,0.006667,0.020001,0.006667,0.020001,0.006667,0.020001,0.006667
103,161471,0.48905,0.76558,0.38035,1.00337,0,0.97902,0.94534,0.97748,0.92115,0.96867,0.93453,0.96034,0.90511,0.35868,0.76467,0.22882,0.8922,0,0.019902,0.006634,0.019902,0.006634,0.019902,0.006634,0.019902,0.006634
104,162791,0.49194,0.76863,0.37886,1.00274,0,0.9755,0.94779,0.9768,0.92107,0.96627,0.93609,0.95977,0.90453,0.35579,0.75851,0.22718,0.88732,0,0.019803,0.006601,0.019803,0.006601,0.019803,0.006601,0.019803,0.006601
105,164944,0.48989,0.7596,0.37638,1.00308,0,0.97205,0.95084,0.97754,0.92138,0.96211,0.94107,0.95872,0.90509,0.35506,0.73191,0.2267,0.88744,0,0.019704,0.006568,0.019704,0.006568,0.019704,0.006568,0.019704,0.006568
106,166405,0.48529,0.77722,0.37707,1.00232,0,0.96862,0.9542,0.97712,0.92192,0.96818,0.93802,0.95937,0.90374,0.35349,0.74352,0.2239,0.88663,0,0.019605,0.006535,0.019605,0.006535,0.019605,0.006535,0.019605,0.006535
107,168555,0.48793,0.75321,0.37198,1.00492,0,0.97222,0.95053,0.97728,0.92293,0.96678,0.93314,0.95855,0.90397,0.349,0.75965,0.22086,0.8801,0,0.019506,0.006502,0.019506,0.006502,0.019506,0.006502,0.019506,0.006502
108,170714,0.4829,0.73585,0.37286,1.00095,0,0.97037,0.95237,0.97627,0.92155,0.95976,0.94198,0.9584,0.90424,0.34867,0.76009,0.2194,0.88034,0,0.019407,0.006469,0.019407,0.006469,0.019407,0.006469,0.019407,0.006469
109,173067,0.48223,0.74142,0.37219,0.9986,0,0.9767,0.94718,0.97711,0.92233,0.9679,0.93557,0.9593,0.9045,0.35265,0.75833,0.22047,0.8865,0,0.019308,0.006436,0.019308,0.006436,0.019308,0.006436,0.019308,0.006436
110,175509,0.48996,0.75245,0.38141,1.00307,0,0.97488,0.94656,0.97744,0.9226,0.96324,0.93527,0.95782,0.90422,0.3547,0.73131,0.22229,0.88992,0,0.019209,0.006403,0.019209,0.006403,0.019209,0.006403,0.019209,0.006403
111,177248,0.48202,0.72694,0.37328,0.99523,0,0.9758,0.94504,0.97714,0.92277,0.96592,0.93527,0.95918,0.90504,0.35537,0.73006,0.22245,0.89099,0,0.01911,0.00637,0.01911,0.00637,0.01911,0.00637,0.01911,0.00637
112,179798,0.48391,0.76088,0.38074,0.99774,0,0.97575,0.94588,0.97683,0.92245,0.96629,0.93663,0.95964,0.90699,0.35129,0.73241,0.22011,0.8867,0,0.019011,0.006337,0.019011,0.006337,0.019011,0.006337,0.019011,0.006337
113,181925,0.48424,0.7567,0.37401,0.99907,0,0.97357,0.94809,0.97725,0.92323,0.96353,0.93832,0.95874,0.90548,0.34779,0.72845,0.21751,0.88253,0,0.018912,0.006304,0.018912,0.006304,0.018912,0.006304,0.018912,0.006304
114,184248,0.48198,0.7505,0.37957,1.00326,0,0.97636,0.94592,0.9773,0.92419,0.96533,0.93506,0.95771,0.90587,0.34706,0.73054,0.21898,0.88225,0,0.018813,0.006271,0.018813,0.006271,0.018813,0.006271,0.018813,0.006271
115,186344,0.48076,0.74205,0.37232,1.00004,0,0.97635,0.94748,0.97712,0.92456,0.96597,0.9374,0.9604,0.90664,0.34504,0.72952,0.2197,0.88025,0,0.018714,0.006238,0.018714,0.006238,0.018714,0.006238,0.018714,0.006238
116,188736,0.47801,0.72205,0.37196,0.99717,0,0.97702,0.9478,0.97788,0.92623,0.96596,0.93593,0.95952,0.91007,0.34358,0.73611,0.21758,0.8795,0,0.018615,0.006205,0.018615,0.006205,0.018615,0.006205,0.018615,0.006205
117,190320,0.47667,0.72801,0.37421,0.9945,0,0.97492,0.9497,0.97784,0.92582,0.96158,0.94005,0.95819,0.90778,0.34124,0.75668,0.2121,0.8759,0,0.018516,0.006172,0.018516,0.006172,0.018516,0.006172,0.018516,0.006172
118,192264,0.48168,0.72626,0.37435,0.99984,0,0.97586,0.94992,0.97798,0.92627,0.96464,0.93893,0.959,0.90833,0.33857,0.77513,0.2096,0.87352,0,0.018417,0.006139,0.018417,0.006139,0.018417,0.006139,0.018417,0.006139
119,194245,0.47713,0.73026,0.36522,0.99051,0,0.97643,0.94886,0.97815,0.92652,0.96571,0.93741,0.95804,0.90778,0.33884,0.7632,0.21132,0.87402,0,0.018318,0.006106,0.018318,0.006106,0.018318,0.006106,0.018318,0.006106
120,196179,0.47094,0.73167,0.36157,0.98908,0,0.9749,0.94888,0.97811,0.92597,0.96596,0.93588,0.95627,0.90564,0.34051,0.76514,0.21377,0.87575,0,0.018219,0.006073,0.018219,0.006073,0.018219,0.006073,0.018219,0.006073
121,197936,0.47459,0.72358,0.36582,0.99322,0,0.97735,0.94852,0.97831,0.92731,0.96687,0.93649,0.95893,0.90712,0.33924,0.7696,0.2146,0.87467,0,0.01812,0.00604,0.01812,0.00604,0.01812,0.00604,0.01812,0.00604
122,199379,0.48127,0.73546,0.36845,0.99677,0,0.97371,0.94983,0.97823,0.92827,0.96895,0.93466,0.96006,0.90827,0.33781,0.77248,0.21242,0.87335,0,0.018021,0.006007,0.018021,0.006007,0.018021,0.006007,0.018021,0.006007
123,200663,0.47207,0.73071,0.36352,0.9894,0,0.97491,0.94904,0.97854,0.92782,0.96838,0.93501,0.95858,0.90851,0.33694,0.77272,0.2123,0.87234,0,0.017922,0.005974,0.017922,0.005974,0.017922,0.005974,0.017922,0.005974
124,202103,0.47569,0.72189,0.37066,0.99432,0,0.97022,0.9549,0.97861,0.92895,0.96727,0.93835,0.95961,0.90907,0.3379,0.77416,0.21271,0.87363,0,0.017823,0.005941,0.017823,0.005941,0.017823,0.005941,0.017823,0.005941
125,203636,0.4724,0.69855,0.36171,0.9922,0,0.97218,0.95298,0.97833,0.92726,0.96318,0.94412,0.96273,0.90956,0.33987,0.76837,0.21289,0.87491,0,0.017724,0.005908,0.017724,0.005908,0.017724,0.005908,0.017724,0.005908
126,204580,0.47324,0.72862,0.36631,0.99039,0,0.97403,0.95145,0.97835,0.92742,0.9693,0.93924,0.96326,0.91018,0.34045,0.77361,0.21267,0.87438,0,0.017625,0.005875,0.017625,0.005875,0.017625,0.005875,0.017625,0.005875
127,205798,0.46371,0.69038,0.36186,0.98342,0,0.9741,0.95322,0.9781,0.92854,0.96473,0.94384,0.96414,0.91262,0.34062,0.7631,0.21152,0.87452,0,0.017526,0.005842,0.017526,0.005842,0.017526,0.005842,0.017526,0.005842
128,207182,0.46962,0.70358,0.362,0.99004,0,0.9733,0.9542,0.97795,0.92782,0.96384,0.94414,0.96419,0.91155,0.34019,0.76488,0.21159,0.87472,0,0.017427,0.005809,0.017427,0.005809,0.017427,0.005809,0.017427,0.005809
129,208397,0.46644,0.743,0.36481,0.9867,0,0.9726,0.95542,0.9782,0.92964,0.96204,0.94418,0.96182,0.91108,0.33824,0.77497,0.20934,0.8733,0,0.017328,0.005776,0.017328,0.005776,0.017328,0.005776,0.017328,0.005776
130,209915,0.46644,0.70807,0.3596,0.98434,0,0.97202,0.9542,0.97836,0.92938,0.96201,0.9434,0.96258,0.9102,0.33776,0.7827,0.20911,0.87315,0,0.017229,0.005743,0.017229,0.005743,0.017229,0.005743,0.017229,0.005743
131,210891,0.46623,0.68108,0.36463,0.98498,0,0.97389,0.95084,0.97841,0.92924,0.9654,0.93729,0.9604,0.90983,0.33702,0.79245,0.20897,0.87233,0,0.01713,0.00571,0.01713,0.00571,0.01713,0.00571,0.01713,0.00571
132,212449,0.46843,0.71216,0.36012,0.98556,0,0.97329,0.95267,0.97864,0.9298,0.96554,0.93649,0.96005,0.91047,0.33663,0.798,0.20783,0.87174,0,0.017031,0.005677,0.017031,0.005677,0.017031,0.005677,0.017031,0.005677
133,214107,0.4672,0.72164,0.36185,0.98311,0,0.97466,0.95114,0.97844,0.92966,0.96841,0.93595,0.96169,0.91035,0.33648,0.80503,0.20802,0.87173,0,0.016932,0.005644,0.016932,0.005644,0.016932,0.005644,0.016932,0.005644
134,215220,0.45631,0.69305,0.35232,0.97857,0,0.97479,0.95053,0.97859,0.93001,0.96489,0.93975,0.96158,0.91178,0.33566,0.80696,0.20669,0.87157,0,0.016833,0.005611,0.016833,0.005611,0.016833,0.005611,0.016833,0.005611
135,216609,0.46399,0.69717,0.35933,0.98824,0,0.97258,0.95309,0.97841,0.92966,0.96342,0.94107,0.96145,0.91159,0.33495,0.80436,0.20599,0.87115,0,0.016734,0.005578,0.016734,0.005578,0.016734,0.005578,0.016734,0.005578
136,217945,0.46442,0.69159,0.35999,0.98727,0,0.97188,0.95389,0.97843,0.92918,0.96606,0.9371,0.96072,0.91114,0.33498,0.80282,0.2059,0.87163,0,0.016635,0.005545,0.016635,0.005545,0.016635,0.005545,0.016635,0.005545
137,219339,0.46079,0.68729,0.35649,0.98343,0,0.97198,0.95323,0.97842,0.9296,0.96203,0.94076,0.96034,0.91052,0.33555,0.80244,0.20581,0.87237,0,0.016536,0.005512,0.016536,0.005512,0.016536,0.005512,0.016536,0.005512
138,220827,0.46234,0.69954,0.35283,0.98493,0,0.97227,0.95286,0.97836,0.92946,0.96782,0.93671,0.96036,0.91049,0.33499,0.80633,0.20493,0.87228,0,0.016437,0.005479,0.016437,0.005479,0.016437,0.005479,0.016437,0.005479
139,222126,0.45875,0.70363,0.35415,0.98013,0,0.96993,0.95511,0.97845,0.92947,0.9686,0.9371,0.95987,0.90997,0.33461,0.80738,0.20541,0.87211,0,0.016338,0.005446,0.016338,0.005446,0.016338,0.005446,0.016338,0.005446
140,223552,0.46309,0.6838,0.35552,0.98258,0,0.9734,0.95267,0.97838,0.92971,0.9689,0.9374,0.95921,0.90923,0.33459,0.80574,0.20454,0.87167,0,0.016239,0.005413,0.016239,0.005413,0.016239,0.005413,0.016239,0.005413
141,225134,0.46237,0.68742,0.3623,0.97822,0,0.97468,0.95205,0.97863,0.93017,0.96763,0.93588,0.95904,0.91054,0.33424,0.80877,0.20378,0.87037,0,0.01614,0.00538,0.01614,0.00538,0.01614,0.00538,0.01614,0.00538
142,226208,0.46179,0.68319,0.35774,0.98529,0,0.97435,0.95237,0.97856,0.93041,0.96615,0.93466,0.95533,0.9072,0.33365,0.81689,0.20321,0.86986,0,0.016041,0.005347,0.016041,0.005347,0.016041,0.005347,0.016041,0.005347
143,227178,0.4586,0.69108,0.35241,0.98164,0,0.97467,0.95188,0.9785,0.93017,0.96616,0.93466,0.95458,0.90596,0.33284,0.81937,0.20332,0.86895,0,0.015942,0.005314,0.015942,0.005314,0.015942,0.005314,0.015942,0.005314
144,228567,0.46035,0.66752,0.35033,0.98526,0,0.97617,0.95072,0.97832,0.92986,0.9647,0.93447,0.95458,0.90661,0.33314,0.82604,0.20232,0.86982,0,0.015843,0.005281,0.015843,0.005281,0.015843,0.005281,0.015843,0.005281
145,230061,0.45169,0.69204,0.35219,0.97684,0,0.97708,0.95023,0.97866,0.92973,0.96508,0.9371,0.95536,0.90691,0.33268,0.82588,0.20241,0.86987,0,0.015744,0.005248,0.015744,0.005248,0.015744,0.005248,0.015744,0.005248
146,231152,0.45416,0.67295,0.35624,0.97453,0,0.97709,0.95051,0.97822,0.93019,0.96536,0.9361,0.95472,0.90678,0.33218,0.83009,0.20147,0.86975,0,0.015645,0.005215,0.015645,0.005215,0.015645,0.005215,0.015645,0.005215
147,232228,0.45212,0.67155,0.35131,0.97961,0,0.97569,0.95115,0.97842,0.93062,0.96269,0.93762,0.95553,0.90805,0.33227,0.83285,0.20134,0.87043,0,0.015546,0.005182,0.015546,0.005182,0.015546,0.005182,0.015546,0.005182
148,233464,0.45603,0.68339,0.35205,0.98522,0,0.97487,0.95145,0.97866,0.93095,0.96247,0.93771,0.95558,0.90781,0.33132,0.83329,0.20081,0.86997,0,0.015447,0.005149,0.015447,0.005149,0.015447,0.005149,0.015447,0.005149
149,234926,0.45489,0.67061,0.35142,0.98253,0,0.97432,0.95176,0.97876,0.93091,0.96121,0.93893,0.95596,0.90766,0.33113,0.83449,0.20093,0.86971,0,0.015348,0.005116,0.015348,0.005116,0.015348,0.005116,0.015348,0.005116
150,235895,0.45354,0.66219,0.34843,0.97808,0,0.97407,0.95217,0.979,0.93139,0.96127,0.93964,0.95641,0.90821,0.33051,0.83603,0.20045,0.86953,0,0.015249,0.005083,0.015249,0.005083,0.015249,0.005083,0.015249,0.005083
151,237023,0.45141,0.66782,0.34794,0.97805,0,0.97527,0.95206,0.97893,0.93179,0.96246,0.93952,0.95662,0.90959,0.33018,0.83385,0.20039,0.86967,0,0.01515,0.00505,0.01515,0.00505,0.01515,0.00505,0.01515,0.00505
152,238323,0.44506,0.6793,0.34748,0.97388,0,0.97741,0.9484,0.97918,0.9315,0.96482,0.93618,0.95622,0.90882,0.33023,0.83174,0.19983,0.87002,0,0.015051,0.005017,0.015051,0.005017,0.015051,0.005017,0.015051,0.005017
153,239918,0.44925,0.67148,0.34766,0.9797,0,0.97779,0.9484,0.97908,0.93125,0.9652,0.93618,0.95629,0.90839,0.33015,0.83719,0.20048,0.87022,0,0.014952,0.004984,0.014952,0.004984,0.014952,0.004984,0.014952,0.004984
154,241057,0.45021,0.6688,0.34719,0.97788,0,0.97759,0.94931,0.97882,0.93154,0.96439,0.93649,0.95528,0.90728,0.32989,0.83603,0.20069,0.87044,0,0.014853,0.004951,0.014853,0.004951,0.014853,0.004951,0.014853,0.004951
155,242413,0.44807,0.67908,0.34577,0.97336,0,0.9774,0.95073,0.97897,0.93186,0.96448,0.93832,0.95552,0.90691,0.32972,0.8437,0.20108,0.8705,0,0.014754,0.004918,0.014754,0.004918,0.014754,0.004918,0.014754,0.004918
156,243765,0.44588,0.67229,0.33891,0.97486,0,0.9765,0.95144,0.97901,0.93186,0.963,0.93832,0.95356,0.90672,0.32966,0.84324,0.20168,0.87074,0,0.014655,0.004885,0.014655,0.004885,0.014655,0.004885,0.014655,0.004885
157,245057,0.44554,0.67689,0.34931,0.97542,0,0.97678,0.9504,0.97878,0.93181,0.96329,0.93739,0.95324,0.90628,0.32949,0.84695,0.20161,0.87089,0,0.014556,0.004852,0.014556,0.004852,0.014556,0.004852,0.014556,0.004852
158,246299,0.44622,0.66961,0.34426,0.9719,0,0.97728,0.95084,0.97859,0.93201,0.96332,0.93822,0.95303,0.90616,0.32945,0.85704,0.20137,0.87115,0,0.014457,0.004819,0.014457,0.004819,0.014457,0.004819,0.014457,0.004819
159,247680,0.4463,0.65689,0.3405,0.97271,0,0.97777,0.95176,0.97843,0.93227,0.96394,0.93832,0.9543,0.90794,0.32915,0.86229,0.20143,0.8714,0,0.014358,0.004786,0.014358,0.004786,0.014358,0.004786,0.014358,0.004786
160,249303,0.44491,0.65205,0.34196,0.97281,0,0.97743,0.9521,0.97827,0.93167,0.96332,0.93836,0.95397,0.90788,0.32921,0.8626,0.2013,0.87181,0,0.014259,0.004753,0.014259,0.004753,0.014259,0.004753,0.014259,0.004753
161,250553,0.44631,0.64394,0.34321,0.97657,0,0.97709,0.95267,0.97834,0.93149,0.96331,0.93924,0.95473,0.90921,0.32935,0.86721,0.20115,0.87229,0,0.01416,0.00472,0.01416,0.00472,0.01416,0.00472,0.01416,0.00472
162,252365,0.44433,0.65262,0.3413,0.97394,0,0.97697,0.95328,0.97855,0.93155,0.96308,0.93986,0.95512,0.90927,0.32927,0.86327,0.20034,0.87261,0,0.014061,0.004687,0.014061,0.004687,0.014061,0.004687,0.014061,0.004687
163,254342,0.4402,0.65184,0.34135,0.9733,0,0.97658,0.9542,0.9787,0.93208,0.96283,0.94076,0.95507,0.9097,0.32915,0.86194,0.19992,0.87276,0,0.013962,0.004654,0.013962,0.004654,0.013962,0.004654,0.013962,0.004654
164,256654,0.44336,0.6367,0.34185,0.97684,0,0.97717,0.95392,0.97875,0.93154,0.96341,0.94061,0.95515,0.90936,0.32911,0.86234,0.19978,0.87274,0,0.013863,0.004621,0.013863,0.004621,0.013863,0.004621,0.013863,0.004621
165,258213,0.43323,0.65093,0.33406,0.9669,0,0.97702,0.95359,0.97879,0.93132,0.96388,0.94076,0.9566,0.90962,0.32918,0.86413,0.20008,0.87288,0,0.013764,0.004588,0.013764,0.004588,0.013764,0.004588,0.013764,0.004588
166,259920,0.43617,0.63223,0.33633,0.97065,0,0.97811,0.95359,0.97877,0.93136,0.96448,0.94046,0.95648,0.90946,0.32897,0.86064,0.19926,0.8725,0,0.013665,0.004555,0.013665,0.004555,0.013665,0.004555,0.013665,0.004555
167,261072,0.43643,0.65199,0.33573,0.97015,0,0.97808,0.95328,0.97868,0.93177,0.96461,0.94015,0.95565,0.90833,0.3288,0.86208,0.19873,0.87265,0,0.013566,0.004522,0.013566,0.004522,0.013566,0.004522,0.013566,0.004522
168,262347,0.43349,0.63368,0.33402,0.96852,0,0.97712,0.95328,0.97889,0.9321,0.96366,0.94015,0.9558,0.90813,0.32834,0.86159,0.19852,0.8726,0,0.013467,0.004489,0.013467,0.004489,0.013467,0.004489,0.013467,0.004489
169,264321,0.44319,0.66667,0.33681,0.97448,0,0.97685,0.95343,0.97896,0.93205,0.96371,0.9406,0.95646,0.90792,0.32809,0.86316,0.19872,0.87277,0,0.013368,0.004456,0.013368,0.004456,0.013368,0.004456,0.013368,0.004456
170,265405,0.43391,0.63449,0.32622,0.96513,0,0.9768,0.9542,0.97881,0.93165,0.96369,0.94137,0.95663,0.90822,0.32802,0.86301,0.19875,0.87303,0,0.013269,0.004423,0.013269,0.004423,0.013269,0.004423,0.013269,0.004423
171,266489,0.43468,0.63973,0.3329,0.96776,0,0.97655,0.9537,0.97867,0.93161,0.96343,0.94046,0.95571,0.90781,0.32779,0.86282,0.19786,0.87302,0,0.01317,0.00439,0.01317,0.00439,0.01317,0.00439,0.01317,0.00439
172,267996,0.43167,0.63147,0.33279,0.96139,0,0.97695,0.95359,0.97872,0.93196,0.96357,0.94046,0.95574,0.9081,0.3277,0.86316,0.19817,0.87322,0,0.013071,0.004357,0.013071,0.004357,0.013071,0.004357,0.013071,0.004357
173,269018,0.43422,0.62794,0.33752,0.96381,0,0.97715,0.95359,0.97864,0.93198,0.96429,0.93996,0.95614,0.90844,0.32754,0.86368,0.19857,0.87311,0,0.012972,0.004324,0.012972,0.004324,0.012972,0.004324,0.012972,0.004324
174,270235,0.43598,0.64109,0.33427,0.96827,0,0.97776,0.95322,0.97861,0.93129,0.96398,0.93968,0.95596,0.90817,0.32724,0.86413,0.19824,0.87285,0,0.012873,0.004291,0.012873,0.004291,0.012873,0.004291,0.012873,0.004291
175,271423,0.43324,0.64341,0.33389,0.96519,0,0.9778,0.95328,0.97863,0.93168,0.9643,0.93985,0.95606,0.90848,0.32709,0.866,0.19751,0.87296,0,0.012774,0.004258,0.012774,0.004258,0.012774,0.004258,0.012774,0.004258
176,272572,0.43224,0.63282,0.33125,0.96647,0,0.97808,0.95328,0.97856,0.93158,0.965,0.94046,0.95621,0.90804,0.32698,0.86476,0.19722,0.87311,0,0.012675,0.004225,0.012675,0.004225,0.012675,0.004225,0.012675,0.004225
177,273843,0.42686,0.61716,0.33022,0.9605,0,0.97753,0.95267,0.97821,0.9317,0.96467,0.94015,0.95647,0.90838,0.3268,0.86634,0.19674,0.87313,0,0.012576,0.004192,0.012576,0.004192,0.012576,0.004192,0.012576,0.004192
178,275277,0.42843,0.61623,0.33015,0.96021,0,0.97723,0.95267,0.97813,0.93193,0.9647,0.94046,0.95625,0.90843,0.32654,0.86385,0.19678,0.87286,0,0.012477,0.004159,0.012477,0.004159,0.012477,0.004159,0.012477,0.004159
179,276491,0.43071,0.63465,0.33329,0.96008,0,0.97745,0.95303,0.97824,0.93219,0.96493,0.94081,0.95632,0.90791,0.32635,0.86498,0.19698,0.87268,0,0.012378,0.004126,0.012378,0.004126,0.012378,0.004126,0.012378,0.004126
180,278043,0.42898,0.62523,0.33232,0.96568,0,0.97744,0.95272,0.97832,0.93203,0.96491,0.94051,0.95701,0.90821,0.32623,0.86414,0.19684,0.87281,0,0.012279,0.004093,0.012279,0.004093,0.012279,0.004093,0.012279,0.004093
181,279748,0.43074,0.61136,0.33127,0.95992,0,0.97743,0.95219,0.97844,0.93277,0.96521,0.94034,0.95751,0.90922,0.32608,0.86359,0.1973,0.87273,0,0.01218,0.00406,0.01218,0.00406,0.01218,0.00406,0.01218,0.00406
182,280926,0.43185,0.62646,0.33332,0.96381,0,0.97925,0.95092,0.97844,0.9326,0.96698,0.93901,0.95779,0.90942,0.32593,0.86434,0.19699,0.87267,0,0.012081,0.004027,0.012081,0.004027,0.012081,0.004027,0.012081,0.004027
183,282141,0.42707,0.62171,0.32522,0.96369,0,0.97962,0.95115,0.97839,0.93222,0.96704,0.93893,0.9575,0.90962,0.32559,0.86953,0.19717,0.87257,0,0.011982,0.003994,0.011982,0.003994,0.011982,0.003994,0.011982,0.003994
184,283398,0.42406,0.63326,0.3281,0.96159,0,0.97742,0.95267,0.97864,0.93289,0.965,0.94076,0.95849,0.90999,0.32545,0.86936,0.19734,0.87251,0,0.011883,0.003961,0.011883,0.003961,0.011883,0.003961,0.011883,0.003961
185,284515,0.42533,0.61371,0.32574,0.95688,0,0.97737,0.95267,0.97862,0.93293,0.96505,0.94076,0.9585,0.90996,0.32532,0.86779,0.19754,0.87264,0,0.011784,0.003928,0.011784,0.003928,0.011784,0.003928,0.011784,0.003928
186,286000,0.42254,0.63492,0.3244,0.95691,0,0.97755,0.95267,0.9786,0.93301,0.96523,0.9409,0.95863,0.91031,0.32508,0.87033,0.19751,0.87267,0,0.011685,0.003895,0.011685,0.003895,0.011685,0.003895,0.011685,0.003895
187,287247,0.42174,0.61927,0.32177,0.95743,0,0.97895,0.9514,0.9785,0.93257,0.96642,0.94018,0.95838,0.90977,0.3249,0.8706,0.1976,0.87255,0,0.011586,0.003862,0.011586,0.003862,0.011586,0.003862,0.011586,0.003862
188,288713,0.41857,0.62528,0.32353,0.95834,0,0.97895,0.95165,0.97841,0.93295,0.96608,0.93913,0.95736,0.90969,0.32467,0.86531,0.19781,0.87238,0,0.011487,0.003829,0.011487,0.003829,0.011487,0.003829,0.011487,0.003829
189,290385,0.42219,0.62188,0.32911,0.96021,0,0.97896,0.95175,0.97833,0.93251,0.96608,0.93923,0.95737,0.90946,0.32446,0.86747,0.19762,0.87244,0,0.011388,0.003796,0.011388,0.003796,0.011388,0.003796,0.011388,0.003796
190,291743,0.41838,0.61342,0.32134,0.95689,0,0.97865,0.95177,0.97836,0.93269,0.96578,0.93925,0.95753,0.90938,0.32431,0.86893,0.1974,0.87251,0,0.011289,0.003763,0.011289,0.003763,0.011289,0.003763,0.011289,0.003763
191,292763,0.42023,0.60401,0.31785,0.95673,0,0.97866,0.95213,0.97834,0.93277,0.96579,0.93961,0.95661,0.90867,0.32424,0.8697,0.19743,0.87259,0,0.01119,0.00373,0.01119,0.00373,0.01119,0.00373,0.01119,0.00373
192,294095,0.42166,0.61483,0.32406,0.95929,0,0.97834,0.95184,0.97821,0.93294,0.96579,0.93966,0.95668,0.90853,0.32417,0.87225,0.19725,0.87267,0,0.011091,0.003697,0.011091,0.003697,0.011091,0.003697,0.011091,0.003697
193,295799,0.421,0.59903,0.31987,0.95682,0,0.97804,0.95189,0.97834,0.93295,0.96549,0.93975,0.95669,0.90824,0.32415,0.87144,0.19684,0.87262,0,0.010992,0.003664,0.010992,0.003664,0.010992,0.003664,0.010992,0.003664
194,296814,0.41509,0.61223,0.31598,0.954,0,0.97834,0.95164,0.97841,0.93292,0.96578,0.93943,0.95678,0.9087,0.32405,0.87067,0.19682,0.87239,0,0.010893,0.003631,0.010893,0.003631,0.010893,0.003631,0.010893,0.003631
195,298191,0.41901,0.6022,0.31813,0.95611,0,0.97804,0.95145,0.97844,0.93286,0.96548,0.93929,0.95683,0.90825,0.32413,0.86976,0.1968,0.87251,0,0.010794,0.003598,0.010794,0.003598,0.010794,0.003598,0.010794,0.003598
196,299591,0.4157,0.61061,0.31898,0.95124,0,0.97803,0.95176,0.97847,0.93269,0.96548,0.93954,0.95675,0.90849,0.32411,0.8707,0.19672,0.87282,0,0.010695,0.003565,0.010695,0.003565,0.010695,0.003565,0.010695,0.003565
197,300655,0.4176,0.59974,0.3188,0.9564,0,0.97858,0.95298,0.97857,0.93285,0.96572,0.94046,0.95681,0.90895,0.32406,0.87085,0.19682,0.87281,0,0.010596,0.003532,0.010596,0.003532,0.010596,0.003532,0.010596,0.003532
198,302177,0.4159,0.60498,0.31824,0.95445,0,0.9778,0.95298,0.97856,0.93293,0.96468,0.94046,0.95671,0.90886,0.32385,0.87453,0.1966,0.87275,0,0.010497,0.003499,0.010497,0.003499,0.010497,0.003499,0.010497,0.003499
199,303563,0.40985,0.59396,0.31341,0.95123,0,0.9777,0.95298,0.97855,0.93289,0.96455,0.94015,0.95615,0.90879,0.32379,0.87216,0.19654,0.87283,0,0.010398,0.003466,0.010398,0.003466,0.010398,0.003466,0.010398,0.003466
200,304874,0.41564,0.61375,0.32129,0.95488,0,0.97766,0.95298,0.97855,0.93303,0.9645,0.94015,0.95638,0.90886,0.32374,0.87459,0.19674,0.87283,0,0.010299,0.003433,0.010299,0.003433,0.010299,0.003433,0.010299,0.003433
201,306072,0.41595,0.59197,0.31623,0.95122,0,0.97794,0.95298,0.97861,0.93324,0.96478,0.94015,0.95704,0.90973,0.32353,0.87441,0.19671,0.87283,0,0.0102,0.0034,0.0102,0.0034,0.0102,0.0034,0.0102,0.0034
202,307543,0.41267,0.59376,0.31385,0.95148,0,0.97791,0.95298,0.9787,0.9331,0.96472,0.94015,0.95706,0.90993,0.32348,0.87308,0.19655,0.87292,0,0.010101,0.003367,0.010101,0.003367,0.010101,0.003367,0.010101,0.003367
203,308507,0.40726,0.5816,0.30997,0.95292,0,0.97749,0.95298,0.97873,0.93301,0.96433,0.94015,0.95711,0.90982,0.32353,0.87099,0.19711,0.87312,0,0.010002,0.003334,0.010002,0.003334,0.010002,0.003334,0.010002,0.003334
204,310122,0.40732,0.59692,0.30638,0.95246,0,0.97845,0.95145,0.9786,0.93301,0.96424,0.94015,0.95694,0.91001,0.32347,0.87228,0.19729,0.87318,0,0.009903,0.003301,0.009903,0.003301,0.009903,0.003301,0.009903,0.003301
205,311574,0.40712,0.6053,0.3117,0.95167,0,0.97846,0.95145,0.97849,0.93311,0.96456,0.94015,0.95697,0.91009,0.32372,0.87023,0.19722,0.87359,0,0.009804,0.003268,0.009804,0.003268,0.009804,0.003268,0.009804,0.003268
206,312950,0.40339,0.58685,0.31047,0.94938,0,0.97833,0.95104,0.97842,0.93322,0.96547,0.9392,0.95741,0.90997,0.32362,0.87035,0.19712,0.87359,0,0.009705,0.003235,0.009705,0.003235,0.009705,0.003235,0.009705,0.003235
207,314237,0.40787,0.58285,0.31248,0.95286,0,0.97834,0.95179,0.9784,0.93303,0.96548,0.93927,0.95731,0.90972,0.32355,0.8732,0.19722,0.87364,0,0.009606,0.003202,0.009606,0.003202,0.009606,0.003202,0.009606,0.003202
208,315415,0.40477,0.5993,0.30682,0.94769,0,0.97835,0.95192,0.97838,0.93256,0.96548,0.93955,0.95699,0.90911,0.32345,0.87355,0.19732,0.87364,0,0.009507,0.003169,0.009507,0.003169,0.009507,0.003169,0.009507,0.003169
209,316943,0.40258,0.58183,0.30703,0.94431,0,0.97849,0.95206,0.97843,0.93242,0.96523,0.93924,0.95696,0.90891,0.32339,0.87217,0.19752,0.87366,0,0.009408,0.003136,0.009408,0.003136,0.009408,0.003136,0.009408,0.003136
210,317995,0.40356,0.58154,0.30616,0.94415,0,0.97866,0.95228,0.9784,0.93211,0.96611,0.94006,0.95734,0.90903,0.32337,0.87064,0.19783,0.87374,0,0.009309,0.003103,0.009309,0.003103,0.009309,0.003103,0.009309,0.003103
211,319256,0.40565,0.59344,0.30582,0.95057,0,0.97867,0.95258,0.97843,0.93267,0.96549,0.93976,0.9568,0.90929,0.32341,0.87149,0.19801,0.87382,0,0.00921,0.00307,0.00921,0.00307,0.00921,0.00307,0.00921,0.00307
212,320780,0.40166,0.5735,0.30652,0.94649,0,0.97864,0.95328,0.97845,0.93271,0.96579,0.94076,0.95655,0.90878,0.32334,0.87489,0.19805,0.87388,0,0.009111,0.003037,0.009111,0.003037,0.009111,0.003037,0.009111,0.003037
213,322333,0.3985,0.57336,0.30576,0.94249,0,0.97835,0.95328,0.97852,0.93313,0.96519,0.94046,0.95664,0.90948,0.32326,0.87485,0.19804,0.87395,0,0.009012,0.003004,0.009012,0.003004,0.009012,0.003004,0.009012,0.003004
214,323433,0.40057,0.59491,0.30551,0.94541,0,0.97833,0.95328,0.97856,0.93359,0.96515,0.94046,0.95687,0.90993,0.32317,0.8752,0.19819,0.87403,0,0.008913,0.002971,0.008913,0.002971,0.008913,0.002971,0.008913,0.002971
215,324656,0.39743,0.57596,0.30334,0.94414,0,0.97837,0.95279,0.97859,0.93327,0.96551,0.94031,0.95713,0.91014,0.32314,0.87561,0.19817,0.87415,0,0.008814,0.002938,0.008814,0.002938,0.008814,0.002938,0.008814,0.002938
216,326355,0.3996,0.57839,0.29945,0.94372,0,0.97837,0.95277,0.97835,0.93346,0.96551,0.94034,0.95777,0.91016,0.32313,0.87646,0.19819,0.87426,0,0.008715,0.002905,0.008715,0.002905,0.008715,0.002905,0.008715,0.002905
217,327699,0.39775,0.56963,0.30635,0.94695,0,0.97846,0.95267,0.97834,0.93338,0.96589,0.94046,0.9582,0.91081,0.3232,0.87628,0.19839,0.87439,0,0.008616,0.002872,0.008616,0.002872,0.008616,0.002872,0.008616,0.002872
218,329005,0.40334,0.58093,0.30744,0.94826,0,0.97867,0.95288,0.97823,0.93316,0.96582,0.9404,0.9581,0.91083,0.32322,0.87827,0.19871,0.87449,0,0.008517,0.002839,0.008517,0.002839,0.008517,0.002839,0.008517,0.002839
219,330192,0.39294,0.59208,0.30463,0.94468,0,0.97868,0.95298,0.97821,0.93299,0.96582,0.94046,0.95795,0.91088,0.32324,0.87934,0.19882,0.87464,0,0.008418,0.002806,0.008418,0.002806,0.008418,0.002806,0.008418,0.002806
220,331481,0.39238,0.56732,0.30141,0.94588,0,0.97856,0.95328,0.97811,0.93269,0.96567,0.94076,0.95797,0.91108,0.32328,0.88307,0.19862,0.87487,0,0.008319,0.002773,0.008319,0.002773,0.008319,0.002773,0.008319,0.002773
221,333052,0.39107,0.57938,0.29524,0.93922,0,0.97818,0.95328,0.9781,0.93287,0.96533,0.94076,0.95833,0.91127,0.32323,0.87948,0.19857,0.87501,0,0.00822,0.00274,0.00822,0.00274,0.00822,0.00274,0.00822,0.00274
222,334365,0.38938,0.56985,0.30088,0.94218,0,0.97808,0.95328,0.97807,0.93289,0.96517,0.94076,0.95822,0.91129,0.32311,0.87943,0.1988,0.87504,0,0.008121,0.002707,0.008121,0.002707,0.008121,0.002707,0.008121,0.002707
223,335249,0.39164,0.55653,0.30015,0.94289,0,0.97792,0.95328,0.97808,0.93285,0.96508,0.94076,0.95814,0.91092,0.32308,0.88375,0.19884,0.87511,0,0.008022,0.002674,0.008022,0.002674,0.008022,0.002674,0.008022,0.002674
224,336559,0.39082,0.55979,0.29506,0.93911,0,0.97801,0.95328,0.97813,0.93317,0.96517,0.94076,0.95809,0.91076,0.32292,0.88186,0.19887,0.87513,0,0.007923,0.002641,0.007923,0.002641,0.007923,0.002641,0.007923,0.002641
225,338077,0.38663,0.58216,0.29447,0.9405,0,0.97809,0.95328,0.97804,0.93312,0.96524,0.94076,0.95791,0.91049,0.32293,0.88225,0.1992,0.87511,0,0.007824,0.002608,0.007824,0.002608,0.007824,0.002608,0.007824,0.002608
226,338922,0.38982,0.55308,0.30171,0.94081,0,0.97842,0.95328,0.97783,0.93272,0.96557,0.94076,0.95745,0.9102,0.32289,0.88268,0.19919,0.87525,0,0.007725,0.002575,0.007725,0.002575,0.007725,0.002575,0.007725,0.002575
227,340256,0.38945,0.57252,0.29966,0.93997,0,0.97838,0.95328,0.97757,0.93187,0.96522,0.94046,0.95689,0.90986,0.32278,0.88117,0.19907,0.87531,0,0.007626,0.002542,0.007626,0.002542,0.007626,0.002542,0.007626,0.002542
228,341921,0.38691,0.57267,0.29987,0.93392,0,0.97838,0.95328,0.97745,0.93186,0.96522,0.94046,0.95668,0.90977,0.32279,0.88375,0.1988,0.87551,0,0.007527,0.002509,0.007527,0.002509,0.007527,0.002509,0.007527,0.002509
229,344060,0.38132,0.56083,0.29185,0.93318,0,0.97842,0.95328,0.97735,0.93206,0.96524,0.94046,0.95659,0.90996,0.32273,0.88633,0.199,0.87552,0,0.007428,0.002476,0.007428,0.002476,0.007428,0.002476,0.007428,0.002476
230,345866,0.38631,0.55431,0.29262,0.93952,0,0.97844,0.95328,0.97746,0.93249,0.96528,0.94046,0.95634,0.90993,0.32264,0.88436,0.19884,0.87551,0,0.007329,0.002443,0.007329,0.002443,0.007329,0.002443,0.007329,0.002443
231,347587,0.38705,0.56316,0.29239,0.94081,0,0.97848,0.95328,0.97755,0.93221,0.96532,0.94046,0.95664,0.91031,0.32247,0.88984,0.19872,0.87538,0,0.00723,0.00241,0.00723,0.00241,0.00723,0.00241,0.00723,0.00241
232,349511,0.38571,0.5665,0.29006,0.93936,0,0.97838,0.95328,0.97783,0.93256,0.96522,0.94046,0.95665,0.91076,0.32239,0.88781,0.19891,0.87538,0,0.007131,0.002377,0.007131,0.002377,0.007131,0.002377,0.007131,0.002377
233,351103,0.38678,0.56145,0.29589,0.93879,0,0.97814,0.95328,0.97795,0.93288,0.96498,0.94046,0.95668,0.91059,0.32229,0.88874,0.19907,0.87531,0,0.007032,0.002344,0.007032,0.002344,0.007032,0.002344,0.007032,0.002344
234,352821,0.38298,0.56192,0.29072,0.93831,0,0.97817,0.95328,0.97797,0.93303,0.96501,0.94046,0.9566,0.91061,0.32209,0.88924,0.19884,0.87524,0,0.006933,0.002311,0.006933,0.002311,0.006933,0.002311,0.006933,0.002311
235,354891,0.38218,0.53965,0.29163,0.93657,0,0.9782,0.95328,0.97792,0.93282,0.96504,0.94046,0.95669,0.91106,0.32204,0.88998,0.19898,0.87521,0,0.006834,0.002278,0.006834,0.002278,0.006834,0.002278,0.006834,0.002278
236,358060,0.38183,0.55735,0.29404,0.93506,0,0.9782,0.95328,0.97797,0.93274,0.96504,0.94046,0.95664,0.91115,0.32188,0.89013,0.19928,0.87498,0,0.006735,0.002245,0.006735,0.002245,0.006735,0.002245,0.006735,0.002245
237,360307,0.38371,0.54403,0.29197,0.93747,0,0.97819,0.95328,0.9779,0.93263,0.96501,0.94046,0.95643,0.91083,0.32183,0.88911,0.1993,0.87488,0,0.006636,0.002212,0.006636,0.002212,0.006636,0.002212,0.006636,0.002212
238,361737,0.3781,0.55189,0.29424,0.93314,0,0.9782,0.95328,0.97795,0.93246,0.96502,0.94046,0.9568,0.91107,0.32161,0.88928,0.19952,0.87472,0,0.006537,0.002179,0.006537,0.002179,0.006537,0.002179,0.006537,0.002179
239,363149,0.37877,0.5676,0.29041,0.93023,0,0.9781,0.95328,0.97796,0.9325,0.96494,0.94046,0.95683,0.91108,0.32149,0.88994,0.19958,0.87465,0,0.006438,0.002146,0.006438,0.002146,0.006438,0.002146,0.006438,0.002146
240,365428,0.37611,0.54306,0.28706,0.93099,0,0.97809,0.95328,0.978,0.93275,0.96493,0.94046,0.95675,0.9111,0.32139,0.89025,0.19974,0.87461,0,0.006339,0.002113,0.006339,0.002113,0.006339,0.002113,0.006339,0.002113
241,367818,0.37932,0.54588,0.29189,0.93467,0,0.97775,0.95328,0.97794,0.93271,0.9646,0.94046,0.95711,0.91149,0.32132,0.89081,0.19949,0.87455,0,0.00624,0.00208,0.00624,0.00208,0.00624,0.00208,0.00624,0.00208
242,369521,0.37768,0.55261,0.28742,0.93475,0,0.97775,0.95271,0.97799,0.93268,0.96459,0.93988,0.95699,0.91116,0.32128,0.89078,0.19973,0.87445,0,0.006141,0.002047,0.006141,0.002047,0.006141,0.002047,0.006141,0.002047
243,371633,0.37368,0.53377,0.28433,0.93386,0,0.97772,0.95328,0.97755,0.93254,0.96457,0.94046,0.95704,0.91097,0.32121,0.89139,0.20004,0.87444,0,0.006042,0.002014,0.006042,0.002014,0.006042,0.002014,0.006042,0.002014
244,373764,0.37732,0.55765,0.289,0.93483,0,0.97766,0.95328,0.97757,0.93223,0.96449,0.94046,0.95724,0.91078,0.3211,0.89234,0.20005,0.87426,0,0.005943,0.001981,0.005943,0.001981,0.005943,0.001981,0.005943,0.001981
245,375341,0.37067,0.53238,0.2862,0.928,0,0.97764,0.95328,0.97781,0.93267,0.96449,0.94046,0.95776,0.91171,0.32097,0.8888,0.19995,0.87415,0,0.005844,0.001948,0.005844,0.001948,0.005844,0.001948,0.005844,0.001948
246,376553,0.3731,0.54092,0.28622,0.93153,0,0.97769,0.95328,0.97786,0.93288,0.96454,0.94046,0.95777,0.91152,0.32096,0.88988,0.20013,0.87426,0,0.005745,0.001915,0.005745,0.001915,0.005745,0.001915,0.005745,0.001915
247,378017,0.37083,0.53595,0.2877,0.93139,0,0.97776,0.95293,0.97788,0.93295,0.9646,0.94011,0.95778,0.91149,0.32083,0.89008,0.19988,0.87426,0,0.005646,0.001882,0.005646,0.001882,0.005646,0.001882,0.005646,0.001882
248,379661,0.3751,0.55761,0.29093,0.93463,0,0.97775,0.95267,0.97795,0.93314,0.96459,0.93985,0.95774,0.91161,0.32065,0.89358,0.19975,0.87411,0,0.005547,0.001849,0.005547,0.001849,0.005547,0.001849,0.005547,0.001849
249,381061,0.36791,0.52323,0.28302,0.92963,0,0.97774,0.95213,0.97795,0.93273,0.96457,0.9393,0.95784,0.91168,0.32044,0.89161,0.19957,0.87405,0,0.005448,0.001816,0.005448,0.001816,0.005448,0.001816,0.005448,0.001816
250,382151,0.36698,0.54697,0.28015,0.92958,0,0.9778,0.95206,0.97798,0.93315,0.96463,0.93924,0.95772,0.91142,0.32043,0.89698,0.19954,0.87418,0,0.005349,0.001783,0.005349,0.001783,0.005349,0.001783,0.005349,0.001783
251,383213,0.36898,0.55905,0.27873,0.93031,0,0.97794,0.95206,0.97798,0.93309,0.96434,0.93893,0.95682,0.91135,0.32029,0.89719,0.19952,0.8742,0,0.00525,0.00175,0.00525,0.00175,0.00525,0.00175,0.00525,0.00175
252,384872,0.37187,0.53719,0.283,0.93389,0,0.97799,0.95206,0.97806,0.93341,0.9645,0.93893,0.95681,0.91128,0.32017,0.89947,0.19949,0.87428,0,0.005151,0.001717,0.005151,0.001717,0.005151,0.001717,0.005151,0.001717
253,386203,0.36631,0.54531,0.27671,0.92943,0,0.97811,0.95206,0.97818,0.93375,0.96462,0.93893,0.95691,0.91148,0.32008,0.9036,0.19951,0.87427,0,0.005052,0.001684,0.005052,0.001684,0.005052,0.001684,0.005052,0.001684
254,387855,0.36615,0.52486,0.27997,0.9306,0,0.97814,0.95206,0.9782,0.93381,0.96465,0.93893,0.95688,0.91159,0.32002,0.90168,0.19937,0.87419,0,0.004953,0.001651,0.004953,0.001651,0.004953,0.001651,0.004953,0.001651
255,389072,0.36673,0.53121,0.28093,0.9305,0,0.9782,0.95206,0.97823,0.9338,0.96467,0.93893,0.95705,0.91174,0.31986,0.90604,0.19914,0.87411,0,0.004854,0.001618,0.004854,0.001618,0.004854,0.001618,0.004854,0.001618
256,390654,0.36842,0.54205,0.28532,0.92922,0,0.97807,0.95206,0.97824,0.93389,0.9649,0.93924,0.95777,0.91215,0.31976,0.90276,0.1991,0.87403,0,0.004755,0.001585,0.004755,0.001585,0.004755,0.001585,0.004755,0.001585
257,392334,0.36214,0.52326,0.27497,0.93039,0,0.97886,0.95115,0.97823,0.93426,0.96549,0.93832,0.95751,0.91236,0.31954,0.90333,0.19896,0.87387,0,0.004656,0.001552,0.004656,0.001552,0.004656,0.001552,0.004656,0.001552
258,393427,0.36118,0.53389,0.27547,0.92335,0,0.9791,0.95115,0.97822,0.93438,0.9659,0.93832,0.95742,0.9124,0.31954,0.90332,0.19891,0.8739,0,0.004557,0.001519,0.004557,0.001519,0.004557,0.001519,0.004557,0.001519
259,394532,0.36052,0.52704,0.2771,0.9243,0,0.97925,0.95126,0.97818,0.93401,0.96605,0.93843,0.95737,0.91214,0.31941,0.90366,0.19877,0.87393,0,0.004458,0.001486,0.004458,0.001486,0.004458,0.001486,0.004458,0.001486
260,395986,0.35832,0.53905,0.27374,0.92314,0,0.97926,0.95162,0.97816,0.93395,0.96604,0.93893,0.95738,0.9123,0.31938,0.90233,0.19888,0.87402,0,0.004359,0.001453,0.004359,0.001453,0.004359,0.001453,0.004359,0.001453
261,397377,0.36151,0.52831,0.27327,0.92613,0,0.97953,0.95145,0.9781,0.93411,0.9658,0.93893,0.95736,0.91228,0.31926,0.90966,0.19889,0.87402,0,0.00426,0.00142,0.00426,0.00142,0.00426,0.00142,0.00426,0.00142
262,398492,0.36747,0.52493,0.28021,0.93153,0,0.97874,0.95176,0.97814,0.93407,0.96555,0.93893,0.95744,0.91237,0.31908,0.90789,0.19886,0.87404,0,0.004161,0.001387,0.004161,0.001387,0.004161,0.001387,0.004161,0.001387
263,399741,0.36112,0.51776,0.27658,0.92584,0,0.97916,0.95176,0.97813,0.93418,0.96596,0.93893,0.95738,0.91252,0.31907,0.91019,0.19898,0.87418,0,0.004062,0.001354,0.004062,0.001354,0.004062,0.001354,0.004062,0.001354
264,401212,0.35658,0.54068,0.27518,0.92461,0,0.97987,0.95145,0.97797,0.93381,0.96667,0.93862,0.95722,0.91237,0.31898,0.91471,0.19906,0.87419,0,0.003963,0.001321,0.003963,0.001321,0.003963,0.001321,0.003963,0.001321
265,402435,0.35403,0.51344,0.27241,0.92462,0,0.97961,0.95115,0.97799,0.93389,0.96641,0.93832,0.95736,0.91235,0.3188,0.91193,0.19892,0.87425,0,0.003864,0.001288,0.003864,0.001288,0.003864,0.001288,0.003864,0.001288
266,404004,0.36028,0.50847,0.27308,0.92581,0,0.97959,0.95115,0.97766,0.9333,0.96636,0.93832,0.95727,0.91217,0.31864,0.91442,0.19878,0.87421,0,0.003765,0.001255,0.003765,0.001255,0.003765,0.001255,0.003765,0.001255
267,405335,0.35512,0.51309,0.26717,0.92291,0,0.97956,0.95126,0.97771,0.93406,0.96636,0.93849,0.95711,0.91223,0.31861,0.91477,0.1987,0.87433,0,0.003666,0.001222,0.003666,0.001222,0.003666,0.001222,0.003666,0.001222
268,406950,0.3559,0.51399,0.27262,0.92548,0,0.98007,0.95115,0.97754,0.9338,0.96626,0.93863,0.95685,0.91173,0.31861,0.91512,0.19857,0.87447,0,0.003567,0.001189,0.003567,0.001189,0.003567,0.001189,0.003567,0.001189
269,408220,0.35328,0.52151,0.26536,0.9269,0,0.98066,0.95115,0.97753,0.9338,0.96606,0.9387,0.95716,0.9119,0.31857,0.91536,0.19851,0.87453,0,0.003468,0.001156,0.003468,0.001156,0.003468,0.001156,0.003468,0.001156
270,409599,0.35668,0.53137,0.2723,0.92725,0,0.98073,0.95115,0.97757,0.93401,0.96719,0.93802,0.95623,0.91168,0.31848,0.91551,0.19856,0.8746,0,0.003369,0.001123,0.003369,0.001123,0.003369,0.001123,0.003369,0.001123
271,410763,0.3491,0.50646,0.26674,0.92068,0,0.98079,0.95114,0.97757,0.9341,0.96725,0.93801,0.95615,0.91156,0.31842,0.91842,0.19846,0.87463,0,0.00327,0.00109,0.00327,0.00109,0.00327,0.00109,0.00327,0.00109
272,412078,0.35563,0.51078,0.2693,0.92433,0,0.98079,0.95095,0.9776,0.93427,0.96756,0.93816,0.95711,0.91174,0.31831,0.91872,0.19874,0.87463,0,0.003171,0.001057,0.003171,0.001057,0.003171,0.001057,0.003171,0.001057
273,413342,0.34762,0.50658,0.2677,0.91784,0,0.98079,0.9509,0.97762,0.93396,0.96756,0.93808,0.95732,0.91174,0.31829,0.9234,0.19889,0.87469,0,0.003072,0.001024,0.003072,0.001024,0.003072,0.001024,0.003072,0.001024
274,414684,0.35309,0.50696,0.27325,0.92411,0,0.98079,0.95079,0.97766,0.93397,0.96756,0.93797,0.95698,0.91132,0.31826,0.92046,0.19886,0.87484,0,0.002973,0.000991,0.002973,0.000991,0.002973,0.000991,0.002973,0.000991
275,415649,0.35222,0.52117,0.26598,0.92108,0,0.98078,0.95046,0.97768,0.93397,0.96786,0.93794,0.95784,0.91178,0.31816,0.91967,0.19876,0.87479,0,0.002874,0.000958,0.002874,0.000958,0.002874,0.000958,0.002874,0.000958
276,417251,0.34813,0.50641,0.26455,0.92201,0,0.98078,0.95034,0.97772,0.93394,0.96754,0.93752,0.95723,0.91182,0.31806,0.92035,0.19865,0.87476,0,0.002775,0.000925,0.002775,0.000925,0.002775,0.000925,0.002775,0.000925
277,418690,0.34829,0.50128,0.26353,0.92152,0,0.98101,0.95023,0.97775,0.93432,0.96775,0.9374,0.9575,0.91239,0.31791,0.92303,0.1987,0.87469,0,0.002676,0.000892,0.002676,0.000892,0.002676,0.000892,0.002676,0.000892
278,420029,0.34272,0.51078,0.26124,0.92002,0,0.98109,0.95029,0.97774,0.93433,0.96816,0.93777,0.9587,0.91312,0.31788,0.92509,0.19891,0.87468,0,0.002577,0.000859,0.002577,0.000859,0.002577,0.000859,0.002577,0.000859
279,421621,0.34715,0.50737,0.2658,0.92078,0,0.98109,0.95028,0.97758,0.93443,0.96785,0.93746,0.95761,0.91282,0.31787,0.9272,0.19891,0.87479,0,0.002478,0.000826,0.002478,0.000826,0.002478,0.000826,0.002478,0.000826
280,423165,0.35107,0.51205,0.26596,0.92359,0,0.98078,0.95054,0.9776,0.93445,0.96786,0.93802,0.95745,0.91271,0.31782,0.92745,0.19866,0.87482,0,0.002379,0.000793,0.002379,0.000793,0.002379,0.000793,0.002379,0.000793
281,424427,0.3406,0.50399,0.25769,0.91903,0,0.98109,0.95045,0.97751,0.93425,0.96817,0.93801,0.95724,0.9124,0.31781,0.92602,0.19849,0.87495,0,0.00228,0.00076,0.00228,0.00076,0.00228,0.00076,0.00228,0.00076
282,426193,0.34547,0.50179,0.26427,0.91931,0,0.98092,0.95023,0.97752,0.93443,0.96786,0.93797,0.9571,0.91239,0.31764,0.92667,0.19819,0.87496,0,0.002181,0.000727,0.002181,0.000727,0.002181,0.000727,0.002181,0.000727
283,427603,0.34403,0.51513,0.26112,0.91985,0,0.98082,0.95053,0.97756,0.93443,0.96787,0.9381,0.95744,0.91256,0.31759,0.92651,0.19804,0.87493,0,0.002082,0.000694,0.002082,0.000694,0.002082,0.000694,0.002082,0.000694
284,429092,0.34378,0.50027,0.25694,0.91775,0,0.98078,0.95053,0.9776,0.93429,0.96758,0.93878,0.95735,0.91234,0.31757,0.92632,0.19824,0.87486,0,0.001983,0.000661,0.001983,0.000661,0.001983,0.000661,0.001983,0.000661
285,430382,0.33904,0.50467,0.25764,0.91552,0,0.98117,0.95053,0.97762,0.93412,0.96795,0.93802,0.95728,0.91256,0.31745,0.92851,0.19814,0.8749,0,0.001884,0.000628,0.001884,0.000628,0.001884,0.000628,0.001884,0.000628
286,431643,0.34372,0.50826,0.25836,0.9199,0,0.98109,0.95074,0.97768,0.93425,0.96746,0.93893,0.95753,0.91273,0.31735,0.92878,0.19811,0.87488,0,0.001785,0.000595,0.001785,0.000595,0.001785,0.000595,0.001785,0.000595
287,432606,0.34023,0.50215,0.25841,0.91916,0,0.98117,0.95053,0.97769,0.93404,0.96758,0.93877,0.95745,0.91292,0.31717,0.92828,0.19803,0.87485,0,0.001686,0.000562,0.001686,0.000562,0.001686,0.000562,0.001686,0.000562
288,433888,0.33945,0.49307,0.25271,0.91793,0,0.9814,0.95077,0.9777,0.93373,0.96848,0.93825,0.95759,0.91269,0.31715,0.93005,0.19788,0.8748,0,0.001587,0.000529,0.001587,0.000529,0.001587,0.000529,0.001587,0.000529
289,435448,0.3439,0.49498,0.2595,0.91797,0,0.9814,0.9508,0.97759,0.93378,0.96848,0.93829,0.95768,0.91254,0.31707,0.92876,0.19783,0.8747,0,0.001488,0.000496,0.001488,0.000496,0.001488,0.000496,0.001488,0.000496
290,436817,0.34079,0.50831,0.26081,0.9179,0,0.98104,0.95084,0.9776,0.934,0.96807,0.93832,0.95771,0.91232,0.31705,0.92928,0.19774,0.87469,0,0.001389,0.000463,0.001389,0.000463,0.001389,0.000463,0.001389,0.000463
291,437731,0.18428,0.32348,0.12745,0.85762,0,0.98105,0.95084,0.97762,0.9337,0.96729,0.93919,0.95739,0.91211,0.31692,0.92998,0.19764,0.87473,0,0.00129,0.00043,0.00129,0.00043,0.00129,0.00043,0.00129,0.00043
292,439289,0.1819,0.31826,0.1254,0.84982,0,0.98019,0.95196,0.97748,0.93404,0.9673,0.93944,0.95755,0.91212,0.31692,0.92866,0.19763,0.87483,0,0.001191,0.000397,0.001191,0.000397,0.001191,0.000397,0.001191,0.000397
293,441180,0.18065,0.31351,0.12312,0.85653,0,0.98018,0.95156,0.9775,0.93388,0.96729,0.93915,0.95758,0.91246,0.31684,0.92945,0.1978,0.87485,0,0.001092,0.000364,0.001092,0.000364,0.001092,0.000364,0.001092,0.000364
294,442591,0.18169,0.31741,0.12466,0.85608,0,0.98019,0.95182,0.97752,0.93416,0.96793,0.93996,0.95965,0.91371,0.31674,0.93375,0.19785,0.87493,0,0.000993,0.000331,0.000993,0.000331,0.000993,0.000331,0.000993,0.000331
295,443841,0.17709,0.30451,0.12038,0.8495,0,0.98019,0.95181,0.97742,0.93396,0.96793,0.93994,0.95961,0.91396,0.31662,0.93452,0.19803,0.87491,0,0.000894,0.000298,0.000894,0.000298,0.000894,0.000298,0.000894,0.000298
296,445935,0.17504,0.30165,0.12091,0.85196,0,0.98019,0.95187,0.97721,0.93375,0.96761,0.93968,0.95917,0.91364,0.31651,0.93757,0.19803,0.87487,0,0.000795,0.000265,0.000795,0.000265,0.000795,0.000265,0.000795,0.000265
297,447706,0.17487,0.30018,0.12153,0.8502,0,0.9805,0.9519,0.97722,0.93351,0.96792,0.93972,0.9591,0.91369,0.31633,0.93835,0.19818,0.87484,0,0.000696,0.000232,0.000696,0.000232,0.000696,0.000232,0.000696,0.000232
298,449855,0.17536,0.30789,0.12066,0.84919,0,0.98018,0.95237,0.97734,0.93345,0.96736,0.94015,0.95956,0.91435,0.31622,0.93759,0.1982,0.87482,0,0.000597,0.000199,0.000597,0.000199,0.000597,0.000199,0.000597,0.000199
299,451167,0.17441,0.31533,0.11963,0.84835,0,0.98019,0.95195,0.9774,0.93383,0.96762,0.93974,0.95982,0.91468,0.31621,0.93955,0.19828,0.87486,0,0.000498,0.000166,0.000498,0.000166,0.000498,0.000166,0.000498,0.000166
300,453156,0.17347,0.30423,0.11906,0.84809,0,0.98093,0.95176,0.97738,0.93401,0.96832,0.93954,0.96003,0.91513,0.3161,0.93775,0.19846,0.87488,0,0.000399,0.000133,0.000399,0.000133,0.000399,0.000133,0.000399,0.000133
